"Election Name","County Name","Office Name","District Name","Party Name","Candidate Name","Votes","Yes Votes","No Votes","Election Day Votes","ElectionDay Yes Votes","Election Day No Votes","Mail Votes","Mail Yes Votes","Mail No Votes","Provisional Votes","Provisional Yes Votes","Provisional No Votes"
"2024 Presidential Election","ADAMS","President of the United States","Statewide","Democratic","KAMALA D HARRIS","19,842","0","0","10,843","0","0","8,888","0","0","111","0","0"
"2024 Presidential Election","ADAMS","President of the United States","Statewide","Republican","DONALD J TRUMP","40,248","0","0","30,642","0","0","9,460","0","0","146","0","0"
"2024 Presidential Election","ADAMS","President of the United States","Statewide","Libertarian","CHASE OLIVER","342","0","0","238","0","0","102","0","0","2","0","0"
"2024 Presidential Election","ADAMS","President of the United States","Statewide","Green Party","JILL STEIN","218","0","0","140","0","0","76","0","0","2","0","0"
"2024 Presidential Election","ALLEGHENY","President of the United States","Statewide","Democratic","KAMALA D HARRIS","429,916","0","0","258,292","0","0","164,979","0","0","6,645","0","0"
"2024 Presidential Election","ALLEGHENY","President of the United States","Statewide","Republican","DONALD J TRUMP","283,595","0","0","220,707","0","0","59,740","0","0","3,148","0","0"
"2024 Presidential Election","ALLEGHENY","President of the United States","Statewide","Libertarian","CHASE OLIVER","3,302","0","0","2,399","0","0","856","0","0","47","0","0"
"2024 Presidential Election","ALLEGHENY","President of the United States","Statewide","Green Party","JILL STEIN","3,691","0","0","2,499","0","0","1,112","0","0","80","0","0"
"2024 Presidential Election","ARMSTRONG","President of the United States","Statewide","Democratic","KAMALA D HARRIS","8,553","0","0","5,437","0","0","3,081","0","0","35","0","0"
"2024 Presidential Election","ARMSTRONG","President of the United States","Statewide","Republican","DONALD J TRUMP","28,296","0","0","24,029","0","0","4,162","0","0","105","0","0"
"2024 Presidential Election","ARMSTRONG","President of the United States","Statewide","Libertarian","CHASE OLIVER","182","0","0","156","0","0","25","0","0","1","0","0"
"2024 Presidential Election","ARMSTRONG","President of the United States","Statewide","Green Party","JILL STEIN","88","0","0","60","0","0","27","0","0","1","0","0"
"2024 Presidential Election","BEAVER","President of the United States","Statewide","Democratic","KAMALA D HARRIS","37,196","0","0","23,552","0","0","13,383","0","0","261","0","0"
"2024 Presidential Election","BEAVER","President of the United States","Statewide","Republican","DONALD J TRUMP","56,837","0","0","46,773","0","0","9,796","0","0","268","0","0"
"2024 Presidential Election","BEAVER","President of the United States","Statewide","Libertarian","CHASE OLIVER","502","0","0","387","0","0","113","0","0","2","0","0"
"2024 Presidential Election","BEAVER","President of the United States","Statewide","Green Party","JILL STEIN","308","0","0","242","0","0","65","0","0","1","0","0"
"2024 Presidential Election","BEDFORD","President of the United States","Statewide","Democratic","KAMALA D HARRIS","4,336","0","0","2,430","0","0","1,889","0","0","17","0","0"
"2024 Presidential Election","BEDFORD","President of the United States","Statewide","Republican","DONALD J TRUMP","23,658","0","0","19,603","0","0","3,948","0","0","107","0","0"
"2024 Presidential Election","BEDFORD","President of the United States","Statewide","Libertarian","CHASE OLIVER","100","0","0","72","0","0","27","0","0","1","0","0"
"2024 Presidential Election","BEDFORD","President of the United States","Statewide","Green Party","JILL STEIN","66","0","0","44","0","0","22","0","0","0","0","0"
"2024 Presidential Election","BERKS","President of the United States","Statewide","Democratic","KAMALA D HARRIS","91,125","0","0","60,162","0","0","30,175","0","0","788","0","0"
"2024 Presidential Election","BERKS","President of the United States","Statewide","Republican","DONALD J TRUMP","116,677","0","0","97,251","0","0","18,691","0","0","735","0","0"
"2024 Presidential Election","BERKS","President of the United States","Statewide","Libertarian","CHASE OLIVER","1,094","0","0","871","0","0","219","0","0","4","0","0"
"2024 Presidential Election","BERKS","President of the United States","Statewide","Green Party","JILL STEIN","942","0","0","701","0","0","233","0","0","8","0","0"
"2024 Presidential Election","BLAIR","President of the United States","Statewide","Democratic","KAMALA D HARRIS","18,127","0","0","10,888","0","0","7,119","0","0","120","0","0"
"2024 Presidential Election","BLAIR","President of the United States","Statewide","Republican","DONALD J TRUMP","46,352","0","0","36,580","0","0","9,532","0","0","240","0","0"
"2024 Presidential Election","BLAIR","President of the United States","Statewide","Libertarian","CHASE OLIVER","274","0","0","213","0","0","60","0","0","1","0","0"
"2024 Presidential Election","BLAIR","President of the United States","Statewide","Green Party","JILL STEIN","196","0","0","133","0","0","62","0","0","1","0","0"
"2024 Presidential Election","BRADFORD","President of the United States","Statewide","Democratic","KAMALA D HARRIS","7,990","0","0","5,124","0","0","2,800","0","0","66","0","0"
"2024 Presidential Election","BRADFORD","President of the United States","Statewide","Republican","DONALD J TRUMP","22,937","0","0","19,486","0","0","3,254","0","0","197","0","0"
"2024 Presidential Election","BRADFORD","President of the United States","Statewide","Libertarian","CHASE OLIVER","180","0","0","148","0","0","29","0","0","3","0","0"
"2024 Presidential Election","BRADFORD","President of the United States","Statewide","Green Party","JILL STEIN","85","0","0","59","0","0","23","0","0","3","0","0"
"2024 Presidential Election","BUCKS","President of the United States","Statewide","Democratic","KAMALA D HARRIS","198,431","0","0","107,899","0","0","88,971","0","0","1,561","0","0"
"2024 Presidential Election","BUCKS","President of the United States","Statewide","Republican","DONALD J TRUMP","198,722","0","0","148,928","0","0","48,169","0","0","1,625","0","0"
"2024 Presidential Election","BUCKS","President of the United States","Statewide","Libertarian","CHASE OLIVER","1,904","0","0","1,329","0","0","569","0","0","6","0","0"
"2024 Presidential Election","BUCKS","President of the United States","Statewide","Green Party","JILL STEIN","1,971","0","0","1,318","0","0","617","0","0","36","0","0"
"2024 Presidential Election","BUTLER","President of the United States","Statewide","Democratic","KAMALA D HARRIS","40,661","0","0","24,251","0","0","16,137","0","0","273","0","0"
"2024 Presidential Election","BUTLER","President of the United States","Statewide","Republican","DONALD J TRUMP","79,773","0","0","64,294","0","0","15,086","0","0","393","0","0"
"2024 Presidential Election","BUTLER","President of the United States","Statewide","Libertarian","CHASE OLIVER","665","0","0","512","0","0","151","0","0","2","0","0"
"2024 Presidential Election","BUTLER","President of the United States","Statewide","Green Party","JILL STEIN","341","0","0","227","0","0","113","0","0","1","0","0"
"2024 Presidential Election","CAMBRIA","President of the United States","Statewide","Democratic","KAMALA D HARRIS","21,177","0","0","13,416","0","0","7,541","0","0","220","0","0"
"2024 Presidential Election","CAMBRIA","President of the United States","Statewide","Republican","DONALD J TRUMP","49,408","0","0","41,647","0","0","7,328","0","0","433","0","0"
"2024 Presidential Election","CAMBRIA","President of the United States","Statewide","Libertarian","CHASE OLIVER","337","0","0","271","0","0","63","0","0","3","0","0"
"2024 Presidential Election","CAMBRIA","President of the United States","Statewide","Green Party","JILL STEIN","214","0","0","163","0","0","47","0","0","4","0","0"
"2024 Presidential Election","CAMERON","President of the United States","Statewide","Democratic","KAMALA D HARRIS","538","0","0","321","0","0","215","0","0","2","0","0"
"2024 Presidential Election","CAMERON","President of the United States","Statewide","Republican","DONALD J TRUMP","1,654","0","0","1,312","0","0","338","0","0","4","0","0"
"2024 Presidential Election","CAMERON","President of the United States","Statewide","Libertarian","CHASE OLIVER","17","0","0","13","0","0","4","0","0","0","0","0"
"2024 Presidential Election","CAMERON","President of the United States","Statewide","Green Party","JILL STEIN","10","0","0","7","0","0","3","0","0","0","0","0"
"2024 Presidential Election","CARBON","President of the United States","Statewide","Democratic","KAMALA D HARRIS","11,394","0","0","7,270","0","0","4,027","0","0","97","0","0"
"2024 Presidential Election","CARBON","President of the United States","Statewide","Republican","DONALD J TRUMP","23,708","0","0","20,326","0","0","3,208","0","0","174","0","0"
"2024 Presidential Election","CARBON","President of the United States","Statewide","Libertarian","CHASE OLIVER","171","0","0","136","0","0","35","0","0","0","0","0"
"2024 Presidential Election","CARBON","President of the United States","Statewide","Green Party","JILL STEIN","122","0","0","95","0","0","26","0","0","1","0","0"
"2024 Presidential Election","CENTRE","President of the United States","Statewide","Democratic","KAMALA D HARRIS","41,119","0","0","25,153","0","0","15,721","0","0","245","0","0"
"2024 Presidential Election","CENTRE","President of the United States","Statewide","Republican","DONALD J TRUMP","38,829","0","0","30,782","0","0","7,877","0","0","170","0","0"
"2024 Presidential Election","CENTRE","President of the United States","Statewide","Libertarian","CHASE OLIVER","470","0","0","366","0","0","104","0","0","0","0","0"
"2024 Presidential Election","CENTRE","President of the United States","Statewide","Green Party","JILL STEIN","374","0","0","251","0","0","117","0","0","6","0","0"
"2024 Presidential Election","CHESTER","President of the United States","Statewide","Democratic","KAMALA D HARRIS","184,281","0","0","106,691","0","0","76,059","0","0","1,531","0","0"
"2024 Presidential Election","CHESTER","President of the United States","Statewide","Republican","DONALD J TRUMP","137,299","0","0","104,186","0","0","32,176","0","0","937","0","0"
"2024 Presidential Election","CHESTER","President of the United States","Statewide","Libertarian","CHASE OLIVER","1,776","0","0","1,261","0","0","502","0","0","13","0","0"
"2024 Presidential Election","CHESTER","President of the United States","Statewide","Green Party","JILL STEIN","1,608","0","0","1,083","0","0","508","0","0","17","0","0"
"2024 Presidential Election","CLARION","President of the United States","Statewide","Democratic","KAMALA D HARRIS","4,562","0","0","2,944","0","0","1,607","0","0","11","0","0"
"2024 Presidential Election","CLARION","President of the United States","Statewide","Republican","DONALD J TRUMP","15,036","0","0","12,679","0","0","2,328","0","0","29","0","0"
"2024 Presidential Election","CLARION","President of the United States","Statewide","Libertarian","CHASE OLIVER","91","0","0","68","0","0","23","0","0","0","0","0"
"2024 Presidential Election","CLARION","President of the United States","Statewide","Green Party","JILL STEIN","44","0","0","34","0","0","9","0","0","1","0","0"
"2024 Presidential Election","CLEARFIELD","President of the United States","Statewide","Democratic","KAMALA D HARRIS","9,647","0","0","6,207","0","0","3,413","0","0","27","0","0"
"2024 Presidential Election","CLEARFIELD","President of the United States","Statewide","Republican","DONALD J TRUMP","30,481","0","0","26,219","0","0","4,169","0","0","93","0","0"
"2024 Presidential Election","CLEARFIELD","President of the United States","Statewide","Libertarian","CHASE OLIVER","183","0","0","137","0","0","45","0","0","1","0","0"
"2024 Presidential Election","CLEARFIELD","President of the United States","Statewide","Green Party","JILL STEIN","119","0","0","84","0","0","35","0","0","0","0","0"
"2024 Presidential Election","CLINTON","President of the United States","Statewide","Democratic","KAMALA D HARRIS","5,395","0","0","3,464","0","0","1,910","0","0","21","0","0"
"2024 Presidential Election","CLINTON","President of the United States","Statewide","Republican","DONALD J TRUMP","12,965","0","0","10,684","0","0","2,226","0","0","55","0","0"
"2024 Presidential Election","CLINTON","President of the United States","Statewide","Libertarian","CHASE OLIVER","100","0","0","81","0","0","19","0","0","0","0","0"
"2024 Presidential Election","CLINTON","President of the United States","Statewide","Green Party","JILL STEIN","62","0","0","44","0","0","18","0","0","0","0","0"
"2024 Presidential Election","COLUMBIA","President of the United States","Statewide","Democratic","KAMALA D HARRIS","11,083","0","0","7,303","0","0","3,686","0","0","94","0","0"
"2024 Presidential Election","COLUMBIA","President of the United States","Statewide","Republican","DONALD J TRUMP","21,190","0","0","18,148","0","0","2,924","0","0","118","0","0"
"2024 Presidential Election","COLUMBIA","President of the United States","Statewide","Libertarian","CHASE OLIVER","193","0","0","163","0","0","29","0","0","1","0","0"
"2024 Presidential Election","COLUMBIA","President of the United States","Statewide","Green Party","JILL STEIN","110","0","0","80","0","0","30","0","0","0","0","0"
"2024 Presidential Election","CRAWFORD","President of the United States","Statewide","Democratic","KAMALA D HARRIS","12,858","0","0","7,891","0","0","4,887","0","0","80","0","0"
"2024 Presidential Election","CRAWFORD","President of the United States","Statewide","Republican","DONALD J TRUMP","29,685","0","0","24,557","0","0","5,009","0","0","119","0","0"
"2024 Presidential Election","CRAWFORD","President of the United States","Statewide","Libertarian","CHASE OLIVER","214","0","0","175","0","0","38","0","0","1","0","0"
"2024 Presidential Election","CRAWFORD","President of the United States","Statewide","Green Party","JILL STEIN","115","0","0","88","0","0","26","0","0","1","0","0"
"2024 Presidential Election","CUMBERLAND","President of the United States","Statewide","Democratic","KAMALA D HARRIS","66,255","0","0","40,735","0","0","25,061","0","0","459","0","0"
"2024 Presidential Election","CUMBERLAND","President of the United States","Statewide","Republican","DONALD J TRUMP","80,267","0","0","62,582","0","0","17,278","0","0","407","0","0"
"2024 Presidential Election","CUMBERLAND","President of the United States","Statewide","Libertarian","CHASE OLIVER","921","0","0","700","0","0","220","0","0","1","0","0"
"2024 Presidential Election","CUMBERLAND","President of the United States","Statewide","Green Party","JILL STEIN","953","0","0","696","0","0","245","0","0","12","0","0"
"2024 Presidential Election","DAUPHIN","President of the United States","Statewide","Democratic","KAMALA D HARRIS","78,327","0","0","50,426","0","0","26,722","0","0","1,179","0","0"
"2024 Presidential Election","DAUPHIN","President of the United States","Statewide","Republican","DONALD J TRUMP","69,474","0","0","55,905","0","0","12,872","0","0","697","0","0"
"2024 Presidential Election","DAUPHIN","President of the United States","Statewide","Libertarian","CHASE OLIVER","832","0","0","626","0","0","195","0","0","11","0","0"
"2024 Presidential Election","DAUPHIN","President of the United States","Statewide","Green Party","JILL STEIN","893","0","0","623","0","0","254","0","0","16","0","0"
"2024 Presidential Election","DELAWARE","President of the United States","Statewide","Democratic","KAMALA D HARRIS","201,324","0","0","133,435","0","0","65,628","0","0","2,261","0","0"
"2024 Presidential Election","DELAWARE","President of the United States","Statewide","Republican","DONALD J TRUMP","123,421","0","0","100,303","0","0","22,069","0","0","1,049","0","0"
"2024 Presidential Election","DELAWARE","President of the United States","Statewide","Libertarian","CHASE OLIVER","1,300","0","0","986","0","0","299","0","0","15","0","0"
"2024 Presidential Election","DELAWARE","President of the United States","Statewide","Green Party","JILL STEIN","2,127","0","0","1,576","0","0","506","0","0","45","0","0"
"2024 Presidential Election","ELK","President of the United States","Statewide","Democratic","KAMALA D HARRIS","4,483","0","0","2,887","0","0","1,580","0","0","16","0","0"
"2024 Presidential Election","ELK","President of the United States","Statewide","Republican","DONALD J TRUMP","12,543","0","0","10,724","0","0","1,784","0","0","35","0","0"
"2024 Presidential Election","ELK","President of the United States","Statewide","Libertarian","CHASE OLIVER","75","0","0","60","0","0","15","0","0","0","0","0"
"2024 Presidential Election","ELK","President of the United States","Statewide","Green Party","JILL STEIN","52","0","0","39","0","0","13","0","0","0","0","0"
"2024 Presidential Election","ERIE","President of the United States","Statewide","Democratic","KAMALA D HARRIS","67,456","0","0","41,600","0","0","24,728","0","0","1,128","0","0"
"2024 Presidential Election","ERIE","President of the United States","Statewide","Republican","DONALD J TRUMP","68,866","0","0","56,487","0","0","11,442","0","0","937","0","0"
"2024 Presidential Election","ERIE","President of the United States","Statewide","Libertarian","CHASE OLIVER","686","0","0","517","0","0","160","0","0","9","0","0"
"2024 Presidential Election","ERIE","President of the United States","Statewide","Green Party","JILL STEIN","587","0","0","423","0","0","154","0","0","10","0","0"
"2024 Presidential Election","FAYETTE","President of the United States","Statewide","Democratic","KAMALA D HARRIS","19,548","0","0","11,527","0","0","7,850","0","0","171","0","0"
"2024 Presidential Election","FAYETTE","President of the United States","Statewide","Republican","DONALD J TRUMP","43,633","0","0","37,089","0","0","6,193","0","0","351","0","0"
"2024 Presidential Election","FAYETTE","President of the United States","Statewide","Libertarian","CHASE OLIVER","169","0","0","127","0","0","41","0","0","1","0","0"
"2024 Presidential Election","FAYETTE","President of the United States","Statewide","Green Party","JILL STEIN","122","0","0","84","0","0","38","0","0","0","0","0"
"2024 Presidential Election","FOREST","President of the United States","Statewide","Democratic","KAMALA D HARRIS","724","0","0","437","0","0","282","0","0","5","0","0"
"2024 Presidential Election","FOREST","President of the United States","Statewide","Republican","DONALD J TRUMP","1,902","0","0","1,583","0","0","314","0","0","5","0","0"
"2024 Presidential Election","FOREST","President of the United States","Statewide","Libertarian","CHASE OLIVER","9","0","0","8","0","0","1","0","0","0","0","0"
"2024 Presidential Election","FOREST","President of the United States","Statewide","Green Party","JILL STEIN","15","0","0","11","0","0","4","0","0","0","0","0"
"2024 Presidential Election","FRANKLIN","President of the United States","Statewide","Democratic","KAMALA D HARRIS","23,543","0","0","14,301","0","0","9,109","0","0","133","0","0"
"2024 Presidential Election","FRANKLIN","President of the United States","Statewide","Republican","DONALD J TRUMP","59,604","0","0","48,127","0","0","11,312","0","0","165","0","0"
"2024 Presidential Election","FRANKLIN","President of the United States","Statewide","Libertarian","CHASE OLIVER","457","0","0","356","0","0","97","0","0","4","0","0"
"2024 Presidential Election","FRANKLIN","President of the United States","Statewide","Green Party","JILL STEIN","280","0","0","190","0","0","85","0","0","5","0","0"
"2024 Presidential Election","FULTON","President of the United States","Statewide","Democratic","KAMALA D HARRIS","1,102","0","0","715","0","0","374","0","0","13","0","0"
"2024 Presidential Election","FULTON","President of the United States","Statewide","Republican","DONALD J TRUMP","7,039","0","0","6,059","0","0","942","0","0","38","0","0"
"2024 Presidential Election","FULTON","President of the United States","Statewide","Libertarian","CHASE OLIVER","23","0","0","16","0","0","6","0","0","1","0","0"
"2024 Presidential Election","FULTON","President of the United States","Statewide","Green Party","JILL STEIN","13","0","0","11","0","0","1","0","0","1","0","0"
"2024 Presidential Election","GREENE","President of the United States","Statewide","Democratic","KAMALA D HARRIS","4,592","0","0","2,802","0","0","1,765","0","0","25","0","0"
"2024 Presidential Election","GREENE","President of the United States","Statewide","Republican","DONALD J TRUMP","12,319","0","0","10,649","0","0","1,627","0","0","43","0","0"
"2024 Presidential Election","GREENE","President of the United States","Statewide","Libertarian","CHASE OLIVER","90","0","0","75","0","0","14","0","0","1","0","0"
"2024 Presidential Election","GREENE","President of the United States","Statewide","Green Party","JILL STEIN","235","0","0","219","0","0","16","0","0","0","0","0"
"2024 Presidential Election","HUNTINGDON","President of the United States","Statewide","Democratic","KAMALA D HARRIS","5,368","0","0","3,591","0","0","1,745","0","0","32","0","0"
"2024 Presidential Election","HUNTINGDON","President of the United States","Statewide","Republican","DONALD J TRUMP","17,627","0","0","15,373","0","0","2,190","0","0","64","0","0"
"2024 Presidential Election","HUNTINGDON","President of the United States","Statewide","Libertarian","CHASE OLIVER","108","0","0","91","0","0","16","0","0","1","0","0"
"2024 Presidential Election","HUNTINGDON","President of the United States","Statewide","Green Party","JILL STEIN","53","0","0","38","0","0","15","0","0","0","0","0"
"2024 Presidential Election","INDIANA","President of the United States","Statewide","Democratic","KAMALA D HARRIS","12,697","0","0","7,846","0","0","4,771","0","0","80","0","0"
"2024 Presidential Election","INDIANA","President of the United States","Statewide","Republican","DONALD J TRUMP","29,215","0","0","24,660","0","0","4,458","0","0","97","0","0"
"2024 Presidential Election","INDIANA","President of the United States","Statewide","Libertarian","CHASE OLIVER","194","0","0","147","0","0","46","0","0","1","0","0"
"2024 Presidential Election","INDIANA","President of the United States","Statewide","Green Party","JILL STEIN","123","0","0","78","0","0","44","0","0","1","0","0"
"2024 Presidential Election","JEFFERSON","President of the United States","Statewide","Democratic","KAMALA D HARRIS","4,707","0","0","2,998","0","0","1,700","0","0","9","0","0"
"2024 Presidential Election","JEFFERSON","President of the United States","Statewide","Republican","DONALD J TRUMP","18,235","0","0","15,387","0","0","2,812","0","0","36","0","0"
"2024 Presidential Election","JEFFERSON","President of the United States","Statewide","Libertarian","CHASE OLIVER","131","0","0","107","0","0","23","0","0","1","0","0"
"2024 Presidential Election","JEFFERSON","President of the United States","Statewide","Green Party","JILL STEIN","56","0","0","45","0","0","11","0","0","0","0","0"
"2024 Presidential Election","JUNIATA","President of the United States","Statewide","Democratic","KAMALA D HARRIS","2,290","0","0","1,489","0","0","796","0","0","5","0","0"
"2024 Presidential Election","JUNIATA","President of the United States","Statewide","Republican","DONALD J TRUMP","9,721","0","0","8,308","0","0","1,381","0","0","32","0","0"
"2024 Presidential Election","JUNIATA","President of the United States","Statewide","Libertarian","CHASE OLIVER","64","0","0","52","0","0","12","0","0","0","0","0"
"2024 Presidential Election","JUNIATA","President of the United States","Statewide","Green Party","JILL STEIN","29","0","0","23","0","0","6","0","0","0","0","0"
"2024 Presidential Election","LACKAWANNA","President of the United States","Statewide","Democratic","KAMALA D HARRIS","59,510","0","0","38,410","0","0","20,728","0","0","372","0","0"
"2024 Presidential Election","LACKAWANNA","President of the United States","Statewide","Republican","DONALD J TRUMP","56,261","0","0","45,790","0","0","10,070","0","0","401","0","0"
"2024 Presidential Election","LACKAWANNA","President of the United States","Statewide","Libertarian","CHASE OLIVER","425","0","0","316","0","0","104","0","0","5","0","0"
"2024 Presidential Election","LACKAWANNA","President of the United States","Statewide","Green Party","JILL STEIN","394","0","0","260","0","0","129","0","0","5","0","0"
"2024 Presidential Election","LANCASTER","President of the United States","Statewide","Democratic","KAMALA D HARRIS","120,119","0","0","79,423","0","0","39,080","0","0","1,616","0","0"
"2024 Presidential Election","LANCASTER","President of the United States","Statewide","Republican","DONALD J TRUMP","166,261","0","0","140,214","0","0","24,543","0","0","1,504","0","0"
"2024 Presidential Election","LANCASTER","President of the United States","Statewide","Libertarian","CHASE OLIVER","1,727","0","0","1,388","0","0","324","0","0","15","0","0"
"2024 Presidential Election","LANCASTER","President of the United States","Statewide","Green Party","JILL STEIN","1,150","0","0","850","0","0","285","0","0","15","0","0"
"2024 Presidential Election","LAWRENCE","President of the United States","Statewide","Democratic","KAMALA D HARRIS","15,440","0","0","9,814","0","0","5,535","0","0","91","0","0"
"2024 Presidential Election","LAWRENCE","President of the United States","Statewide","Republican","DONALD J TRUMP","31,347","0","0","25,669","0","0","5,560","0","0","118","0","0"
"2024 Presidential Election","LAWRENCE","President of the United States","Statewide","Libertarian","CHASE OLIVER","179","0","0","144","0","0","35","0","0","0","0","0"
"2024 Presidential Election","LAWRENCE","President of the United States","Statewide","Green Party","JILL STEIN","144","0","0","108","0","0","36","0","0","0","0","0"
"2024 Presidential Election","LEBANON","President of the United States","Statewide","Democratic","KAMALA D HARRIS","24,734","0","0","14,784","0","0","9,693","0","0","257","0","0"
"2024 Presidential Election","LEBANON","President of the United States","Statewide","Republican","DONALD J TRUMP","48,282","0","0","39,124","0","0","8,818","0","0","340","0","0"
"2024 Presidential Election","LEBANON","President of the United States","Statewide","Libertarian","CHASE OLIVER","390","0","0","316","0","0","70","0","0","4","0","0"
"2024 Presidential Election","LEBANON","President of the United States","Statewide","Green Party","JILL STEIN","286","0","0","195","0","0","87","0","0","4","0","0"
"2024 Presidential Election","LEHIGH","President of the United States","Statewide","Democratic","KAMALA D HARRIS","96,317","0","0","57,279","0","0","37,587","0","0","1,451","0","0"
"2024 Presidential Election","LEHIGH","President of the United States","Statewide","Republican","DONALD J TRUMP","91,207","0","0","70,853","0","0","19,070","0","0","1,284","0","0"
"2024 Presidential Election","LEHIGH","President of the United States","Statewide","Libertarian","CHASE OLIVER","855","0","0","619","0","0","223","0","0","13","0","0"
"2024 Presidential Election","LEHIGH","President of the United States","Statewide","Green Party","JILL STEIN","1,431","0","0","953","0","0","449","0","0","29","0","0"
"2024 Presidential Election","LUZERNE","President of the United States","Statewide","Democratic","KAMALA D HARRIS","62,504","0","0","36,005","0","0","25,561","0","0","938","0","0"
"2024 Presidential Election","LUZERNE","President of the United States","Statewide","Republican","DONALD J TRUMP","92,444","0","0","75,152","0","0","16,119","0","0","1,173","0","0"
"2024 Presidential Election","LUZERNE","President of the United States","Statewide","Libertarian","CHASE OLIVER","640","0","0","460","0","0","174","0","0","6","0","0"
"2024 Presidential Election","LUZERNE","President of the United States","Statewide","Green Party","JILL STEIN","562","0","0","385","0","0","165","0","0","12","0","0"
"2024 Presidential Election","LYCOMING","President of the United States","Statewide","Democratic","KAMALA D HARRIS","17,216","0","0","11,604","0","0","5,516","0","0","96","0","0"
"2024 Presidential Election","LYCOMING","President of the United States","Statewide","Republican","DONALD J TRUMP","41,961","0","0","34,924","0","0","6,878","0","0","159","0","0"
"2024 Presidential Election","LYCOMING","President of the United States","Statewide","Libertarian","CHASE OLIVER","296","0","0","246","0","0","46","0","0","4","0","0"
"2024 Presidential Election","LYCOMING","President of the United States","Statewide","Green Party","JILL STEIN","212","0","0","148","0","0","63","0","0","1","0","0"
"2024 Presidential Election","McKEAN","President of the United States","Statewide","Democratic","KAMALA D HARRIS","5,115","0","0","3,422","0","0","1,669","0","0","24","0","0"
"2024 Presidential Election","McKEAN","President of the United States","Statewide","Republican","DONALD J TRUMP","14,401","0","0","12,317","0","0","2,035","0","0","49","0","0"
"2024 Presidential Election","McKEAN","President of the United States","Statewide","Libertarian","CHASE OLIVER","108","0","0","94","0","0","14","0","0","0","0","0"
"2024 Presidential Election","McKEAN","President of the United States","Statewide","Green Party","JILL STEIN","58","0","0","48","0","0","9","0","0","1","0","0"
"2024 Presidential Election","MERCER","President of the United States","Statewide","Democratic","KAMALA D HARRIS","20,145","0","0","13,215","0","0","6,807","0","0","123","0","0"
"2024 Presidential Election","MERCER","President of the United States","Statewide","Republican","DONALD J TRUMP","37,761","0","0","30,716","0","0","6,845","0","0","200","0","0"
"2024 Presidential Election","MERCER","President of the United States","Statewide","Libertarian","CHASE OLIVER","312","0","0","242","0","0","67","0","0","3","0","0"
"2024 Presidential Election","MERCER","President of the United States","Statewide","Green Party","JILL STEIN","192","0","0","152","0","0","40","0","0","0","0","0"
"2024 Presidential Election","MIFFLIN","President of the United States","Statewide","Democratic","KAMALA D HARRIS","4,735","0","0","2,716","0","0","1,989","0","0","30","0","0"
"2024 Presidential Election","MIFFLIN","President of the United States","Statewide","Republican","DONALD J TRUMP","17,184","0","0","14,255","0","0","2,829","0","0","100","0","0"
"2024 Presidential Election","MIFFLIN","President of the United States","Statewide","Libertarian","CHASE OLIVER","95","0","0","66","0","0","29","0","0","0","0","0"
"2024 Presidential Election","MIFFLIN","President of the United States","Statewide","Green Party","JILL STEIN","57","0","0","43","0","0","14","0","0","0","0","0"
"2024 Presidential Election","MONROE","President of the United States","Statewide","Democratic","KAMALA D HARRIS","42,007","0","0","23,358","0","0","18,148","0","0","501","0","0"
"2024 Presidential Election","MONROE","President of the United States","Statewide","Republican","DONALD J TRUMP","42,676","0","0","31,765","0","0","10,515","0","0","396","0","0"
"2024 Presidential Election","MONROE","President of the United States","Statewide","Libertarian","CHASE OLIVER","401","0","0","266","0","0","132","0","0","3","0","0"
"2024 Presidential Election","MONROE","President of the United States","Statewide","Green Party","JILL STEIN","441","0","0","290","0","0","139","0","0","12","0","0"
"2024 Presidential Election","MONTGOMERY","President of the United States","Statewide","Democratic","KAMALA D HARRIS","317,103","0","0","187,364","0","0","127,018","0","0","2,721","0","0"
"2024 Presidential Election","MONTGOMERY","President of the United States","Statewide","Republican","DONALD J TRUMP","198,311","0","0","152,478","0","0","44,411","0","0","1,422","0","0"
"2024 Presidential Election","MONTGOMERY","President of the United States","Statewide","Libertarian","CHASE OLIVER","2,508","0","0","1,800","0","0","687","0","0","21","0","0"
"2024 Presidential Election","MONTGOMERY","President of the United States","Statewide","Green Party","JILL STEIN","2,984","0","0","2,026","0","0","917","0","0","41","0","0"
"2024 Presidential Election","MONTOUR","President of the United States","Statewide","Democratic","KAMALA D HARRIS","3,862","0","0","2,351","0","0","1,469","0","0","42","0","0"
"2024 Presidential Election","MONTOUR","President of the United States","Statewide","Republican","DONALD J TRUMP","5,944","0","0","4,790","0","0","1,126","0","0","28","0","0"
"2024 Presidential Election","MONTOUR","President of the United States","Statewide","Libertarian","CHASE OLIVER","58","0","0","45","0","0","13","0","0","0","0","0"
"2024 Presidential Election","MONTOUR","President of the United States","Statewide","Green Party","JILL STEIN","44","0","0","35","0","0","9","0","0","0","0","0"
"2024 Presidential Election","NORTHAMPTON","President of the United States","Statewide","Democratic","KAMALA D HARRIS","86,655","0","0","47,531","0","0","37,732","0","0","1,392","0","0"
"2024 Presidential Election","NORTHAMPTON","President of the United States","Statewide","Republican","DONALD J TRUMP","89,817","0","0","66,942","0","0","21,653","0","0","1,222","0","0"
"2024 Presidential Election","NORTHAMPTON","President of the United States","Statewide","Libertarian","CHASE OLIVER","813","0","0","562","0","0","240","0","0","11","0","0"
"2024 Presidential Election","NORTHAMPTON","President of the United States","Statewide","Green Party","JILL STEIN","930","0","0","594","0","0","306","0","0","30","0","0"
"2024 Presidential Election","NORTHUMBERLAND","President of the United States","Statewide","Democratic","KAMALA D HARRIS","12,863","0","0","8,680","0","0","4,081","0","0","102","0","0"
"2024 Presidential Election","NORTHUMBERLAND","President of the United States","Statewide","Republican","DONALD J TRUMP","30,240","0","0","25,474","0","0","4,562","0","0","204","0","0"
"2024 Presidential Election","NORTHUMBERLAND","President of the United States","Statewide","Libertarian","CHASE OLIVER","255","0","0","202","0","0","52","0","0","1","0","0"
"2024 Presidential Election","NORTHUMBERLAND","President of the United States","Statewide","Green Party","JILL STEIN","164","0","0","123","0","0","38","0","0","3","0","0"
"2024 Presidential Election","PERRY","President of the United States","Statewide","Democratic","KAMALA D HARRIS","6,385","0","0","4,064","0","0","2,292","0","0","29","0","0"
"2024 Presidential Election","PERRY","President of the United States","Statewide","Republican","DONALD J TRUMP","19,073","0","0","16,146","0","0","2,872","0","0","55","0","0"
"2024 Presidential Election","PERRY","President of the United States","Statewide","Libertarian","CHASE OLIVER","164","0","0","144","0","0","20","0","0","0","0","0"
"2024 Presidential Election","PERRY","President of the United States","Statewide","Green Party","JILL STEIN","103","0","0","83","0","0","20","0","0","0","0","0"
"2024 Presidential Election","PHILADELPHIA","President of the United States","Statewide","Democratic","KAMALA D HARRIS","568,571","0","0","388,223","0","0","170,390","0","0","9,958","0","0"
"2024 Presidential Election","PHILADELPHIA","President of the United States","Statewide","Republican","DONALD J TRUMP","144,311","0","0","118,451","0","0","23,922","0","0","1,938","0","0"
"2024 Presidential Election","PHILADELPHIA","President of the United States","Statewide","Libertarian","CHASE OLIVER","2,326","0","0","1,766","0","0","517","0","0","43","0","0"
"2024 Presidential Election","PHILADELPHIA","President of the United States","Statewide","Green Party","JILL STEIN","6,233","0","0","4,482","0","0","1,627","0","0","124","0","0"
"2024 Presidential Election","PIKE","President of the United States","Statewide","Democratic","KAMALA D HARRIS","13,132","0","0","5,881","0","0","7,120","0","0","131","0","0"
"2024 Presidential Election","PIKE","President of the United States","Statewide","Republican","DONALD J TRUMP","21,537","0","0","13,594","0","0","7,710","0","0","233","0","0"
"2024 Presidential Election","PIKE","President of the United States","Statewide","Libertarian","CHASE OLIVER","137","0","0","87","0","0","50","0","0","0","0","0"
"2024 Presidential Election","PIKE","President of the United States","Statewide","Green Party","JILL STEIN","144","0","0","77","0","0","66","0","0","1","0","0"
"2024 Presidential Election","POTTER","President of the United States","Statewide","Democratic","KAMALA D HARRIS","1,675","0","0","1,054","0","0","617","0","0","4","0","0"
"2024 Presidential Election","POTTER","President of the United States","Statewide","Republican","DONALD J TRUMP","7,334","0","0","6,123","0","0","1,194","0","0","17","0","0"
"2024 Presidential Election","POTTER","President of the United States","Statewide","Libertarian","CHASE OLIVER","56","0","0","52","0","0","4","0","0","0","0","0"
"2024 Presidential Election","POTTER","President of the United States","Statewide","Green Party","JILL STEIN","20","0","0","15","0","0","5","0","0","0","0","0"
"2024 Presidential Election","SCHUYLKILL","President of the United States","Statewide","Democratic","KAMALA D HARRIS","20,882","0","0","13,674","0","0","7,072","0","0","136","0","0"
"2024 Presidential Election","SCHUYLKILL","President of the United States","Statewide","Republican","DONALD J TRUMP","51,665","0","0","43,942","0","0","7,502","0","0","221","0","0"
"2024 Presidential Election","SCHUYLKILL","President of the United States","Statewide","Libertarian","CHASE OLIVER","369","0","0","296","0","0","73","0","0","0","0","0"
"2024 Presidential Election","SCHUYLKILL","President of the United States","Statewide","Green Party","JILL STEIN","268","0","0","200","0","0","68","0","0","0","0","0"
"2024 Presidential Election","SNYDER","President of the United States","Statewide","Democratic","KAMALA D HARRIS","5,239","0","0","3,255","0","0","1,934","0","0","50","0","0"
"2024 Presidential Election","SNYDER","President of the United States","Statewide","Republican","DONALD J TRUMP","14,664","0","0","12,145","0","0","2,454","0","0","65","0","0"
"2024 Presidential Election","SNYDER","President of the United States","Statewide","Libertarian","CHASE OLIVER","90","0","0","69","0","0","21","0","0","0","0","0"
"2024 Presidential Election","SNYDER","President of the United States","Statewide","Green Party","JILL STEIN","45","0","0","32","0","0","13","0","0","0","0","0"
"2024 Presidential Election","SOMERSET","President of the United States","Statewide","Democratic","KAMALA D HARRIS","8,596","0","0","5,543","0","0","3,019","0","0","34","0","0"
"2024 Presidential Election","SOMERSET","President of the United States","Statewide","Republican","DONALD J TRUMP","31,993","0","0","27,536","0","0","4,356","0","0","101","0","0"
"2024 Presidential Election","SOMERSET","President of the United States","Statewide","Libertarian","CHASE OLIVER","189","0","0","152","0","0","35","0","0","2","0","0"
"2024 Presidential Election","SOMERSET","President of the United States","Statewide","Green Party","JILL STEIN","103","0","0","89","0","0","14","0","0","0","0","0"
"2024 Presidential Election","SULLIVAN","President of the United States","Statewide","Democratic","KAMALA D HARRIS","976","0","0","645","0","0","327","0","0","4","0","0"
"2024 Presidential Election","SULLIVAN","President of the United States","Statewide","Republican","DONALD J TRUMP","2,721","0","0","2,279","0","0","432","0","0","10","0","0"
"2024 Presidential Election","SULLIVAN","President of the United States","Statewide","Libertarian","CHASE OLIVER","12","0","0","9","0","0","3","0","0","0","0","0"
"2024 Presidential Election","SULLIVAN","President of the United States","Statewide","Green Party","JILL STEIN","12","0","0","10","0","0","2","0","0","0","0","0"
"2024 Presidential Election","SUSQUEHANNA","President of the United States","Statewide","Democratic","KAMALA D HARRIS","6,093","0","0","3,711","0","0","2,337","0","0","45","0","0"
"2024 Presidential Election","SUSQUEHANNA","President of the United States","Statewide","Republican","DONALD J TRUMP","16,114","0","0","13,067","0","0","2,904","0","0","143","0","0"
"2024 Presidential Election","SUSQUEHANNA","President of the United States","Statewide","Libertarian","CHASE OLIVER","131","0","0","108","0","0","22","0","0","1","0","0"
"2024 Presidential Election","SUSQUEHANNA","President of the United States","Statewide","Green Party","JILL STEIN","66","0","0","45","0","0","21","0","0","0","0","0"
"2024 Presidential Election","TIOGA","President of the United States","Statewide","Democratic","KAMALA D HARRIS","5,100","0","0","3,323","0","0","1,757","0","0","20","0","0"
"2024 Presidential Election","TIOGA","President of the United States","Statewide","Republican","DONALD J TRUMP","16,272","0","0","13,718","0","0","2,505","0","0","49","0","0"
"2024 Presidential Election","TIOGA","President of the United States","Statewide","Libertarian","CHASE OLIVER","144","0","0","125","0","0","19","0","0","0","0","0"
"2024 Presidential Election","TIOGA","President of the United States","Statewide","Green Party","JILL STEIN","71","0","0","47","0","0","23","0","0","1","0","0"
"2024 Presidential Election","UNION","President of the United States","Statewide","Democratic","KAMALA D HARRIS","8,015","0","0","4,993","0","0","2,953","0","0","69","0","0"
"2024 Presidential Election","UNION","President of the United States","Statewide","Republican","DONALD J TRUMP","12,969","0","0","10,298","0","0","2,560","0","0","111","0","0"
"2024 Presidential Election","UNION","President of the United States","Statewide","Libertarian","CHASE OLIVER","100","0","0","86","0","0","13","0","0","1","0","0"
"2024 Presidential Election","UNION","President of the United States","Statewide","Green Party","JILL STEIN","104","0","0","75","0","0","29","0","0","0","0","0"
"2024 Presidential Election","VENANGO","President of the United States","Statewide","Democratic","KAMALA D HARRIS","7,624","0","0","4,717","0","0","2,806","0","0","101","0","0"
"2024 Presidential Election","VENANGO","President of the United States","Statewide","Republican","DONALD J TRUMP","18,883","0","0","15,910","0","0","2,833","0","0","140","0","0"
"2024 Presidential Election","VENANGO","President of the United States","Statewide","Libertarian","CHASE OLIVER","137","0","0","107","0","0","30","0","0","0","0","0"
"2024 Presidential Election","VENANGO","President of the United States","Statewide","Green Party","JILL STEIN","88","0","0","65","0","0","21","0","0","2","0","0"
"2024 Presidential Election","WARREN","President of the United States","Statewide","Democratic","KAMALA D HARRIS","6,212","0","0","3,983","0","0","2,197","0","0","32","0","0"
"2024 Presidential Election","WARREN","President of the United States","Statewide","Republican","DONALD J TRUMP","14,345","0","0","12,173","0","0","2,122","0","0","50","0","0"
"2024 Presidential Election","WARREN","President of the United States","Statewide","Libertarian","CHASE OLIVER","113","0","0","89","0","0","24","0","0","0","0","0"
"2024 Presidential Election","WARREN","President of the United States","Statewide","Green Party","JILL STEIN","53","0","0","40","0","0","13","0","0","0","0","0"
"2024 Presidential Election","WASHINGTON","President of the United States","Statewide","Democratic","KAMALA D HARRIS","44,910","0","0","27,742","0","0","16,929","0","0","239","0","0"
"2024 Presidential Election","WASHINGTON","President of the United States","Statewide","Republican","DONALD J TRUMP","75,929","0","0","63,414","0","0","12,171","0","0","344","0","0"
"2024 Presidential Election","WASHINGTON","President of the United States","Statewide","Libertarian","CHASE OLIVER","524","0","0","408","0","0","110","0","0","6","0","0"
"2024 Presidential Election","WASHINGTON","President of the United States","Statewide","Green Party","JILL STEIN","254","0","0","194","0","0","58","0","0","2","0","0"
"2024 Presidential Election","WAYNE","President of the United States","Statewide","Democratic","KAMALA D HARRIS","9,150","0","0","5,047","0","0","4,058","0","0","45","0","0"
"2024 Presidential Election","WAYNE","President of the United States","Statewide","Republican","DONALD J TRUMP","20,071","0","0","14,991","0","0","4,931","0","0","149","0","0"
"2024 Presidential Election","WAYNE","President of the United States","Statewide","Libertarian","CHASE OLIVER","125","0","0","89","0","0","36","0","0","0","0","0"
"2024 Presidential Election","WAYNE","President of the United States","Statewide","Green Party","JILL STEIN","98","0","0","75","0","0","23","0","0","0","0","0"
"2024 Presidential Election","WESTMORELAND","President of the United States","Statewide","Democratic","KAMALA D HARRIS","74,904","0","0","44,718","0","0","29,800","0","0","386","0","0"
"2024 Presidential Election","WESTMORELAND","President of the United States","Statewide","Republican","DONALD J TRUMP","135,008","0","0","110,249","0","0","24,161","0","0","598","0","0"
"2024 Presidential Election","WESTMORELAND","President of the United States","Statewide","Libertarian","CHASE OLIVER","971","0","0","730","0","0","239","0","0","2","0","0"
"2024 Presidential Election","WESTMORELAND","President of the United States","Statewide","Green Party","JILL STEIN","567","0","0","388","0","0","175","0","0","4","0","0"
"2024 Presidential Election","WYOMING","President of the United States","Statewide","Democratic","KAMALA D HARRIS","4,680","0","0","2,939","0","0","1,719","0","0","22","0","0"
"2024 Presidential Election","WYOMING","President of the United States","Statewide","Republican","DONALD J TRUMP","10,222","0","0","8,560","0","0","1,623","0","0","39","0","0"
"2024 Presidential Election","WYOMING","President of the United States","Statewide","Libertarian","CHASE OLIVER","90","0","0","69","0","0","20","0","0","1","0","0"
"2024 Presidential Election","WYOMING","President of the United States","Statewide","Green Party","JILL STEIN","60","0","0","40","0","0","20","0","0","0","0","0"
"2024 Presidential Election","YORK","President of the United States","Statewide","Democratic","KAMALA D HARRIS","91,926","0","0","55,238","0","0","35,072","0","0","1,616","0","0"
"2024 Presidential Election","YORK","President of the United States","Statewide","Republican","DONALD J TRUMP","154,884","0","0","125,588","0","0","27,601","0","0","1,695","0","0"
"2024 Presidential Election","YORK","President of the United States","Statewide","Libertarian","CHASE OLIVER","1,422","0","0","1,121","0","0","286","0","0","15","0","0"
"2024 Presidential Election","YORK","President of the United States","Statewide","Green Party","JILL STEIN","978","0","0","675","0","0","278","0","0","25","0","0"
